"","V1"
"2001",0.318464278694311
"2002",0.318464278694311
"2003",0.318464278694311
"2004",0.0451275389407295
"2005",0.318464278694311
"2006",0.318464278694311
"2007",0.318464278694311
"2008",0.318464278694311
"2009",0.318464278694311
"2010",0.0443715948726904
"2011",0.318464278694311
"2012",0.318464278694311
"2013",0.318464278694311
"2014",0.0451275389407295
"2015",0.318464278694311
"2016",0.318464278694311
"2017",0.318464278694311
"2018",0.318464278694311
"2019",0.318464278694311
"2020",0.0443715948726904
"2021",0.318464278694311
"2022",0.318464278694311
"2023",0.318464278694311
"2024",0.0451275389407295
"2025",0.318464278694311
"2026",0.318464278694311
"2027",0.318464278694311
"2028",0.318464278694311
"2029",0.318464278694311
"2030",0.0443715948726904
"2031",0.318464278694311
"2032",0.318464278694311
"2033",0.318464278694311
"2034",0.0451275389407295
"2035",0.318464278694311
"2036",0.318464278694311
"2037",0.318464278694311
"2038",0.318464278694311
"2039",0.318464278694311
"2040",0.0443715948726904
"2041",0.318464278694311
"2042",0.318464278694311
"2043",0.0451275389407295
"2044",0.318464278694311
"2045",0.0443715948726904
"2046",0.318464278694311
"2047",0.318464278694311
"2048",0.318464278694311
"2049",0.318464278694311
"2050",0.318464278694311
"2051",0.318464278694311
"2052",0.318464278694311
"2053",0.0451275389407295
"2054",0.318464278694311
"2055",0.0443715948726904
"2056",0.318464278694311
"2057",0.318464278694311
"2058",0.318464278694311
"2059",0.318464278694311
"2060",0.318464278694311
"2061",0.318464278694311
"2062",0.318464278694311
"2063",0.0451275389407295
"2064",0.318464278694311
"2065",0.0443715948726904
"2066",0.318464278694311
"2067",0.318464278694311
"2068",0.318464278694311
"2069",0.318464278694311
"2070",0.318464278694311
"2071",0.318464278694311
"2072",0.318464278694311
"2073",0.318464278694311
"2074",0.0451275389407295
"2075",0.318464278694311
"2076",0.318464278694311
"2077",0.318464278694311
"2078",0.318464278694311
"2079",0.318464278694311
"2080",0.0443715948726904
"2081",0.318464278694311
"2082",0.318464278694311
"2083",0.318464278694311
"2084",0.0451275389407295
"2085",0.318464278694311
"2086",0.318464278694311
"2087",0.318464278694311
"2088",0.318464278694311
"2089",0.318464278694311
"2090",0.0443715948726904
"2091",0.318464278694311
"2092",0.318464278694311
"2093",0.0451275389407295
"2094",0.318464278694311
"2095",0.0443715948726904
"2096",0.318464278694311
"2097",0.318464278694311
"2098",0.318464278694311
"2099",0.318464278694311
"2100",0.318464278694311
"2101",0.318464278694311
"2102",0.318464278694311
"2103",0.318464278694311
"2104",0.0451275389407295
"2105",0.318464278694311
"2106",0.318464278694311
"2107",0.318464278694311
"2108",0.318464278694311
"2109",0.318464278694311
"2110",0.0443715948726904
"2111",0.318464278694311
"2112",0.318464278694311
"2113",0.318464278694311
"2114",0.0451275389407295
"2115",0.318464278694311
"2116",0.318464278694311
"2117",0.318464278694311
"2118",0.318464278694311
"2119",0.318464278694311
"2120",0.0443715948726904
"2121",0.318464278694311
"2122",0.318464278694311
"2123",0.0451275389407295
"2124",0.318464278694311
"2125",0.0443715948726904
"2126",0.318464278694311
"2127",0.318464278694311
"2128",0.318464278694311
"2129",0.318464278694311
"2130",0.318464278694311
"2131",0.318464278694311
"2132",0.318464278694311
"2133",0.318464278694311
"2134",0.0451275389407295
"2135",0.318464278694311
"2136",0.318464278694311
"2137",0.318464278694311
"2138",0.318464278694311
"2139",0.318464278694311
"2140",0.0443715948726904
"2141",0.318464278694311
"2142",0.318464278694311
"2143",0.318464278694311
"2144",0.0451275389407295
"2145",0.318464278694311
"2146",0.318464278694311
"2147",0.318464278694311
"2148",0.318464278694311
"2149",0.318464278694311
"2150",0.0443715948726904
"2151",0.318464278694311
"2152",0.318464278694311
"2153",0.0451275389407295
"2154",0.318464278694311
"2155",0.0443715948726904
"2156",0.318464278694311
"2157",0.318464278694311
"2158",0.318464278694311
"2159",0.318464278694311
"2160",0.318464278694311
"2161",0.318464278694311
"2162",0.318464278694311
"2163",0.0451275389407295
"2164",0.318464278694311
"2165",0.0443715948726904
"2166",0.318464278694311
"2167",0.318464278694311
"2168",0.318464278694311
"2169",0.318464278694311
"2170",0.318464278694311
"2171",0.318464278694311
"2172",0.318464278694311
"2173",0.0451275389407295
"2174",0.318464278694311
"2175",0.0443715948726904
"2176",0.318464278694311
"2177",0.318464278694311
"2178",0.318464278694311
"2179",0.318464278694311
"2180",0.318464278694311
"2181",0.318464278694311
"2182",0.318464278694311
"2183",0.0451275389407295
"2184",0.318464278694311
"2185",0.0443715948726904
"2186",0.318464278694311
"2187",0.318464278694311
"2188",0.318464278694311
"2189",0.318464278694311
"2190",0.318464278694311
"2191",0.318464278694311
"2192",0.318464278694311
"2193",0.0451275389407295
"2194",0.318464278694311
"2195",0.0443715948726904
"2196",0.318464278694311
"2197",0.318464278694311
"2198",0.318464278694311
"2199",0.318464278694311
"2200",0.318464278694311
"2201",0.318464278694311
"2202",0.318464278694311
"2203",0.0451275389407295
"2204",0.318464278694311
"2205",0.0443715948726904
"2206",0.318464278694311
"2207",0.318464278694311
"2208",0.318464278694311
"2209",0.318464278694311
"2210",0.318464278694311
"2211",0.318464278694311
"2212",0.318464278694311
"2213",0.318464278694311
"2214",0.0451275389407295
"2215",0.318464278694311
"2216",0.318464278694311
"2217",0.318464278694311
"2218",0.318464278694311
"2219",0.318464278694311
"2220",0.0443715948726904
"2221",0.318464278694311
"2222",0.318464278694311
"2223",0.318464278694311
"2224",0.0451275389407295
"2225",0.318464278694311
"2226",0.318464278694311
"2227",0.318464278694311
"2228",0.318464278694311
"2229",0.318464278694311
"2230",0.0443715948726904
"2231",0.318464278694311
"2232",0.318464278694311
"2233",0.0451275389407295
"2234",0.318464278694311
"2235",0.0443715948726904
"2236",0.318464278694311
"2237",0.318464278694311
"2238",0.318464278694311
"2239",0.318464278694311
"2240",0.318464278694311
"2241",0.318464278694311
"2242",0.318464278694311
"2243",0.318464278694311
"2244",0.0451275389407295
"2245",0.318464278694311
"2246",0.318464278694311
"2247",0.318464278694311
"2248",0.318464278694311
"2249",0.318464278694311
"2250",0.0443715948726904
"2251",0.318464278694311
"2252",0.318464278694311
"2253",0.0451275389407295
"2254",0.318464278694311
"2255",0.0443715948726904
"2256",0.318464278694311
"2257",0.318464278694311
"2258",0.318464278694311
"2259",0.318464278694311
"2260",0.318464278694311
"2261",0.318464278694311
"2262",0.318464278694311
"2263",0.318464278694311
"2264",0.0451275389407295
"2265",0.318464278694311
"2266",0.318464278694311
"2267",0.318464278694311
"2268",0.318464278694311
"2269",0.318464278694311
"2270",0.0443715948726904
"2271",0.318464278694311
"2272",0.318464278694311
"2273",0.318464278694311
"2274",0.0451275389407295
"2275",0.318464278694311
"2276",0.318464278694311
"2277",0.318464278694311
"2278",0.318464278694311
"2279",0.318464278694311
"2280",0.0443715948726904
"2281",0.318464278694311
"2282",0.318464278694311
"2283",0.0451275389407295
"2284",0.318464278694311
"2285",0.0443715948726904
"2286",0.318464278694311
"2287",0.318464278694311
"2288",0.318464278694311
"2289",0.318464278694311
"2290",0.318464278694311
"2291",0.318464278694311
"2292",0.318464278694311
"2293",0.318464278694311
"2294",0.0451275389407295
"2295",0.318464278694311
"2296",0.318464278694311
"2297",0.318464278694311
"2298",0.318464278694311
"2299",0.318464278694311
"2300",0.0443715948726904
"2301",0.318464278694311
"2302",0.318464278694311
"2303",0.318464278694311
"2304",0.0451275389407295
"2305",0.318464278694311
"2306",0.318464278694311
"2307",0.318464278694311
"2308",0.318464278694311
"2309",0.318464278694311
"2310",0.0443715948726904
"2311",0.318464278694311
"2312",0.318464278694311
"2313",0.0451275389407295
"2314",0.318464278694311
"2315",0.0443715948726904
"2316",0.318464278694311
"2317",0.318464278694311
"2318",0.318464278694311
"2319",0.318464278694311
"2320",0.318464278694311
"2321",0.318464278694311
"2322",0.318464278694311
"2323",0.318464278694311
"2324",0.0451275389407295
"2325",0.318464278694311
"2326",0.318464278694311
"2327",0.318464278694311
"2328",0.318464278694311
"2329",0.318464278694311
"2330",0.0443715948726904
"2331",0.318464278694311
"2332",0.318464278694311
"2333",0.318464278694311
"2334",0.0451275389407295
"2335",0.318464278694311
"2336",0.318464278694311
"2337",0.318464278694311
"2338",0.318464278694311
"2339",0.318464278694311
"2340",0.0443715948726904
"2341",0.318464278694311
"2342",0.318464278694311
"2343",0.0451275389407295
"2344",0.318464278694311
"2345",0.0443715948726904
"2346",0.318464278694311
"2347",0.318464278694311
"2348",0.318464278694311
"2349",0.318464278694311
"2350",0.318464278694311
"2351",0.318464278694311
"2352",0.318464278694311
"2353",0.318464278694311
"2354",0.0451275389407295
"2355",0.318464278694311
"2356",0.318464278694311
"2357",0.318464278694311
"2358",0.318464278694311
"2359",0.318464278694311
"2360",0.0443715948726904
"2361",0.318464278694311
"2362",0.318464278694311
"2363",0.318464278694311
"2364",0.0451275389407295
"2365",0.318464278694311
"2366",0.318464278694311
"2367",0.318464278694311
"2368",0.318464278694311
"2369",0.318464278694311
"2370",0.0443715948726904
"2371",0.318464278694311
"2372",0.318464278694311
"2373",0.0451275389407295
"2374",0.318464278694311
"2375",0.0443715948726904
"2376",0.318464278694311
"2377",0.318464278694311
"2378",0.318464278694311
"2379",0.318464278694311
"2380",0.318464278694311
"2381",0.318464278694311
"2382",0.318464278694311
"2383",0.0451275389407295
"2384",0.318464278694311
"2385",0.0443715948726904
"2386",0.318464278694311
"2387",0.318464278694311
"2388",0.318464278694311
"2389",0.318464278694311
"2390",0.318464278694311
"2391",0.318464278694311
"2392",0.318464278694311
"2393",0.318464278694311
"2394",0.0451275389407295
"2395",0.318464278694311
"2396",0.318464278694311
"2397",0.318464278694311
"2398",0.318464278694311
"2399",0.318464278694311
"2400",0.0443715948726904
"2401",0.318464278694311
"2402",0.318464278694311
"2403",0.318464278694311
"2404",0.0451275389407295
"2405",0.318464278694311
"2406",0.318464278694311
"2407",0.318464278694311
"2408",0.318464278694311
"2409",0.318464278694311
"2410",0.0443715948726904
"2411",0.318464278694311
"2412",0.318464278694311
"2413",0.0451275389407295
"2414",0.318464278694311
"2415",0.0443715948726904
"2416",0.318464278694311
"2417",0.318464278694311
"2418",0.318464278694311
"2419",0.318464278694311
"2420",0.318464278694311
"2421",0.318464278694311
"2422",0.318464278694311
"2423",0.318464278694311
"2424",0.0451275389407295
"2425",0.318464278694311
"2426",0.318464278694311
"2427",0.318464278694311
"2428",0.318464278694311
"2429",0.318464278694311
"2430",0.0443715948726904
"2431",0.318464278694311
"2432",0.318464278694311
"2433",0.318464278694311
"2434",0.0451275389407295
"2435",0.318464278694311
"2436",0.318464278694311
"2437",0.318464278694311
"2438",0.318464278694311
"2439",0.318464278694311
"2440",0.0443715948726904
"2441",0.318464278694311
"2442",0.318464278694311
"2443",0.318464278694311
"2444",0.0451275389407295
"2445",0.318464278694311
"2446",0.318464278694311
"2447",0.318464278694311
"2448",0.318464278694311
"2449",0.318464278694311
"2450",0.0443715948726904
"2451",0.318464278694311
"2452",0.318464278694311
"2453",0.0451275389407295
"2454",0.318464278694311
"2455",0.0443715948726904
"2456",0.318464278694311
"2457",0.318464278694311
"2458",0.318464278694311
"2459",0.318464278694311
"2460",0.318464278694311
"2461",0.318464278694311
"2462",0.318464278694311
"2463",0.318464278694311
"2464",0.0451275389407295
"2465",0.318464278694311
"2466",0.318464278694311
"2467",0.318464278694311
"2468",0.318464278694311
"2469",0.318464278694311
"2470",0.0443715948726904
"2471",0.318464278694311
"2472",0.318464278694311
"2473",0.318464278694311
"2474",0.0451275389407295
"2475",0.318464278694311
"2476",0.318464278694311
"2477",0.318464278694311
"2478",0.318464278694311
"2479",0.318464278694311
"2480",0.0443715948726904
"2481",0.318464278694311
"2482",0.318464278694311
"2483",0.0451275389407295
"2484",0.318464278694311
"2485",0.0443715948726904
"2486",0.318464278694311
"2487",0.318464278694311
"2488",0.318464278694311
"2489",0.318464278694311
"2490",0.318464278694311
"2491",0.318464278694311
"2492",0.318464278694311
"2493",0.318464278694311
"2494",0.0451275389407295
"2495",0.318464278694311
"2496",0.318464278694311
"2497",0.318464278694311
"2498",0.318464278694311
"2499",0.318464278694311
"2500",0.0443715948726904
"2501",0.318464278694311
"2502",0.318464278694311
"2503",0.318464278694311
"2504",0.0451275389407295
"2505",0.318464278694311
"2506",0.318464278694311
"2507",0.318464278694311
"2508",0.318464278694311
"2509",0.318464278694311
"2510",0.0443715948726904
"2511",0.318464278694311
"2512",0.318464278694311
"2513",0.0451275389407295
"2514",0.318464278694311
"2515",0.0443715948726904
"2516",0.318464278694311
"2517",0.318464278694311
"2518",0.318464278694311
"2519",0.318464278694311
"2520",0.318464278694311
"2521",0.318464278694311
"2522",0.318464278694311
"2523",0.0451275389407295
"2524",0.318464278694311
"2525",0.0443715948726904
"2526",0.318464278694311
"2527",0.318464278694311
"2528",0.318464278694311
"2529",0.318464278694311
"2530",0.318464278694311
"2531",0.318464278694311
"2532",0.318464278694311
"2533",0.318464278694311
"2534",0.0451275389407295
"2535",0.318464278694311
"2536",0.318464278694311
"2537",0.318464278694311
"2538",0.318464278694311
"2539",0.318464278694311
"2540",0.0443715948726904
"2541",0.318464278694311
"2542",0.318464278694311
"2543",0.318464278694311
"2544",0.0451275389407295
"2545",0.318464278694311
"2546",0.318464278694311
"2547",0.318464278694311
"2548",0.318464278694311
"2549",0.318464278694311
"2550",0.0443715948726904
"2551",0.318464278694311
"2552",0.318464278694311
"2553",0.0451275389407295
"2554",0.318464278694311
"2555",0.0443715948726904
"2556",0.318464278694311
"2557",0.318464278694311
"2558",0.318464278694311
"2559",0.318464278694311
"2560",0.318464278694311
"2561",0.318464278694311
"2562",0.318464278694311
"2563",0.0451275389407295
"2564",0.318464278694311
"2565",0.0443715948726904
"2566",0.318464278694311
"2567",0.318464278694311
"2568",0.318464278694311
"2569",0.318464278694311
"2570",0.318464278694311
"2571",0.318464278694311
"2572",0.318464278694311
"2573",0.318464278694311
"2574",0.0451275389407295
"2575",0.318464278694311
"2576",0.318464278694311
"2577",0.318464278694311
"2578",0.318464278694311
"2579",0.318464278694311
"2580",0.0443715948726904
"2581",0.318464278694311
"2582",0.318464278694311
"2583",0.0451275389407295
"2584",0.318464278694311
"2585",0.0443715948726904
"2586",0.318464278694311
"2587",0.318464278694311
"2588",0.318464278694311
"2589",0.318464278694311
"2590",0.318464278694311
"2591",0.318464278694311
"2592",0.318464278694311
"2593",0.318464278694311
"2594",0.0451275389407295
"2595",0.318464278694311
"2596",0.318464278694311
"2597",0.318464278694311
"2598",0.318464278694311
"2599",0.318464278694311
"2600",0.0443715948726904
"2601",0.318464278694311
"2602",0.318464278694311
"2603",0.0451275389407295
"2604",0.318464278694311
"2605",0.0443715948726904
"2606",0.318464278694311
"2607",0.318464278694311
"2608",0.318464278694311
"2609",0.318464278694311
"2610",0.318464278694311
"2611",0.318464278694311
"2612",0.318464278694311
"2613",0.318464278694311
"2614",0.0451275389407295
"2615",0.318464278694311
"2616",0.318464278694311
"2617",0.318464278694311
"2618",0.318464278694311
"2619",0.318464278694311
"2620",0.0443715948726904
"2621",0.318464278694311
"2622",0.318464278694311
"2623",0.0451275389407295
"2624",0.318464278694311
"2625",0.0443715948726904
"2626",0.318464278694311
"2627",0.318464278694311
"2628",0.318464278694311
"2629",0.318464278694311
"2630",0.318464278694311
"2631",0.318464278694311
"2632",0.318464278694311
"2633",0.318464278694311
"2634",0.0451275389407295
"2635",0.318464278694311
"2636",0.318464278694311
"2637",0.318464278694311
"2638",0.318464278694311
"2639",0.318464278694311
"2640",0.0443715948726904
"2641",0.318464278694311
"2642",0.318464278694311
"2643",0.0451275389407295
"2644",0.318464278694311
"2645",0.0443715948726904
"2646",0.318464278694311
"2647",0.318464278694311
"2648",0.318464278694311
"2649",0.318464278694311
"2650",0.318464278694311
"2651",0.318464278694311
"2652",0.318464278694311
"2653",0.0451275389407295
"2654",0.318464278694311
"2655",0.0443715948726904
"2656",0.318464278694311
"2657",0.318464278694311
"2658",0.318464278694311
"2659",0.318464278694311
"2660",0.318464278694311
"2661",0.318464278694311
"2662",0.318464278694311
"2663",0.0451275389407295
"2664",0.318464278694311
"2665",0.0443715948726904
"2666",0.318464278694311
"2667",0.318464278694311
"2668",0.318464278694311
"2669",0.318464278694311
"2670",0.318464278694311
"2671",0.318464278694311
"2672",0.318464278694311
"2673",0.318464278694311
"2674",0.0451275389407295
"2675",0.318464278694311
"2676",0.318464278694311
"2677",0.318464278694311
"2678",0.318464278694311
"2679",0.318464278694311
"2680",0.0443715948726904
"2681",0.318464278694311
"2682",0.318464278694311
"2683",0.0451275389407295
"2684",0.318464278694311
"2685",0.0443715948726904
"2686",0.318464278694311
"2687",0.318464278694311
"2688",0.318464278694311
"2689",0.318464278694311
"2690",0.318464278694311
"2691",0.318464278694311
"2692",0.318464278694311
"2693",0.0451275389407295
"2694",0.318464278694311
"2695",0.0443715948726904
"2696",0.318464278694311
"2697",0.318464278694311
"2698",0.318464278694311
"2699",0.318464278694311
"2700",0.318464278694311
"2701",0.318464278694311
"2702",0.318464278694311
"2703",0.0451275389407295
"2704",0.318464278694311
"2705",0.0443715948726904
"2706",0.318464278694311
"2707",0.318464278694311
"2708",0.318464278694311
"2709",0.318464278694311
"2710",0.318464278694311
"2711",0.318464278694311
"2712",0.318464278694311
"2713",0.318464278694311
"2714",0.0451275389407295
"2715",0.318464278694311
"2716",0.318464278694311
"2717",0.318464278694311
"2718",0.318464278694311
"2719",0.318464278694311
"2720",0.0443715948726904
"2721",0.318464278694311
"2722",0.318464278694311
"2723",0.0451275389407295
"2724",0.318464278694311
"2725",0.0443715948726904
"2726",0.318464278694311
"2727",0.318464278694311
"2728",0.318464278694311
"2729",0.318464278694311
"2730",0.318464278694311
"2731",0.318464278694311
"2732",0.318464278694311
"2733",0.0451275389407295
"2734",0.318464278694311
"2735",0.0443715948726904
"2736",0.318464278694311
"2737",0.318464278694311
"2738",0.318464278694311
"2739",0.318464278694311
"2740",0.318464278694311
"2741",0.318464278694311
"2742",0.318464278694311
"2743",0.318464278694311
"2744",0.0451275389407295
"2745",0.318464278694311
"2746",0.318464278694311
"2747",0.318464278694311
"2748",0.318464278694311
"2749",0.318464278694311
"2750",0.0443715948726904
"2751",0.318464278694311
"2752",0.318464278694311
"2753",0.318464278694311
"2754",0.0451275389407295
"2755",0.318464278694311
"2756",0.318464278694311
"2757",0.318464278694311
"2758",0.318464278694311
"2759",0.318464278694311
"2760",0.0443715948726904
"2761",0.318464278694311
"2762",0.318464278694311
"2763",0.0451275389407295
"2764",0.318464278694311
"2765",0.0443715948726904
"2766",0.318464278694311
"2767",0.318464278694311
"2768",0.318464278694311
"2769",0.318464278694311
"2770",0.318464278694311
"2771",0.318464278694311
"2772",0.318464278694311
"2773",0.0451275389407295
"2774",0.318464278694311
"2775",0.0443715948726904
"2776",0.318464278694311
"2777",0.318464278694311
"2778",0.318464278694311
"2779",0.318464278694311
"2780",0.318464278694311
"2781",0.318464278694311
"2782",0.318464278694311
"2783",0.318464278694311
"2784",0.0451275389407295
"2785",0.318464278694311
"2786",0.318464278694311
"2787",0.318464278694311
"2788",0.318464278694311
"2789",0.318464278694311
"2790",0.0443715948726904
"2791",0.318464278694311
"2792",0.318464278694311
"2793",0.318464278694311
"2794",0.0451275389407295
"2795",0.318464278694311
"2796",0.318464278694311
"2797",0.318464278694311
"2798",0.318464278694311
"2799",0.318464278694311
"2800",0.0443715948726904
"2801",0.318464278694311
"2802",0.318464278694311
"2803",0.318464278694311
"2804",0.0451275389407295
"2805",0.318464278694311
"2806",0.318464278694311
"2807",0.318464278694311
"2808",0.318464278694311
"2809",0.318464278694311
"2810",0.0443715948726904
"2811",0.318464278694311
"2812",0.318464278694311
"2813",0.318464278694311
"2814",0.0451275389407295
"2815",0.318464278694311
"2816",0.318464278694311
"2817",0.318464278694311
"2818",0.318464278694311
"2819",0.318464278694311
"2820",0.0443715948726904
"2821",0.318464278694311
"2822",0.318464278694311
"2823",0.0451275389407295
"2824",0.318464278694311
"2825",0.0443715948726904
"2826",0.318464278694311
"2827",0.318464278694311
"2828",0.318464278694311
"2829",0.318464278694311
"2830",0.318464278694311
"2831",0.318464278694311
"2832",0.318464278694311
"2833",0.0451275389407295
"2834",0.318464278694311
"2835",0.0443715948726904
"2836",0.318464278694311
"2837",0.318464278694311
"2838",0.318464278694311
"2839",0.318464278694311
"2840",0.318464278694311
"2841",0.318464278694311
"2842",0.318464278694311
"2843",0.0451275389407295
"2844",0.318464278694311
"2845",0.0443715948726904
"2846",0.318464278694311
"2847",0.318464278694311
"2848",0.318464278694311
"2849",0.318464278694311
"2850",0.318464278694311
"2851",0.318464278694311
"2852",0.318464278694311
"2853",0.0451275389407295
"2854",0.318464278694311
"2855",0.0443715948726904
"2856",0.318464278694311
"2857",0.318464278694311
"2858",0.318464278694311
"2859",0.318464278694311
"2860",0.318464278694311
"2861",0.318464278694311
"2862",0.318464278694311
"2863",0.0451275389407295
"2864",0.318464278694311
"2865",0.0443715948726904
"2866",0.318464278694311
"2867",0.318464278694311
"2868",0.318464278694311
"2869",0.318464278694311
"2870",0.318464278694311
"2871",0.318464278694311
"2872",0.318464278694311
"2873",0.0451275389407295
"2874",0.318464278694311
"2875",0.0443715948726904
"2876",0.318464278694311
"2877",0.318464278694311
"2878",0.318464278694311
"2879",0.318464278694311
"2880",0.318464278694311
"2881",0.318464278694311
"2882",0.318464278694311
"2883",0.318464278694311
"2884",0.0451275389407295
"2885",0.318464278694311
"2886",0.318464278694311
"2887",0.318464278694311
"2888",0.318464278694311
"2889",0.318464278694311
"2890",0.0443715948726904
"2891",0.318464278694311
"2892",0.318464278694311
"2893",0.318464278694311
"2894",0.0451275389407295
"2895",0.318464278694311
"2896",0.318464278694311
"2897",0.318464278694311
"2898",0.318464278694311
"2899",0.318464278694311
"2900",0.0443715948726904
"2901",0.318464278694311
"2902",0.318464278694311
"2903",0.0451275389407295
"2904",0.318464278694311
"2905",0.0443715948726904
"2906",0.318464278694311
"2907",0.318464278694311
"2908",0.318464278694311
"2909",0.318464278694311
"2910",0.318464278694311
"2911",0.318464278694311
"2912",0.318464278694311
"2913",0.318464278694311
"2914",0.0451275389407295
"2915",0.318464278694311
"2916",0.318464278694311
"2917",0.318464278694311
"2918",0.318464278694311
"2919",0.318464278694311
"2920",0.0443715948726904
"2921",0.318464278694311
"2922",0.318464278694311
"2923",0.0451275389407295
"2924",0.318464278694311
"2925",0.0443715948726904
"2926",0.318464278694311
"2927",0.318464278694311
"2928",0.318464278694311
"2929",0.318464278694311
"2930",0.318464278694311
"2931",0.318464278694311
"2932",0.318464278694311
"2933",0.0451275389407295
"2934",0.318464278694311
"2935",0.0443715948726904
"2936",0.318464278694311
"2937",0.318464278694311
"2938",0.318464278694311
"2939",0.318464278694311
"2940",0.318464278694311
"2941",0.318464278694311
"2942",0.318464278694311
"2943",0.318464278694311
"2944",0.0451275389407295
"2945",0.318464278694311
"2946",0.318464278694311
"2947",0.318464278694311
"2948",0.318464278694311
"2949",0.318464278694311
"2950",0.0443715948726904
"2951",0.318464278694311
"2952",0.318464278694311
"2953",0.318464278694311
"2954",0.0451275389407295
"2955",0.318464278694311
"2956",0.318464278694311
"2957",0.318464278694311
"2958",0.318464278694311
"2959",0.318464278694311
"2960",0.0443715948726904
"2961",0.318464278694311
"2962",0.318464278694311
"2963",0.0451275389407295
"2964",0.318464278694311
"2965",0.0443715948726904
"2966",0.318464278694311
"2967",0.318464278694311
"2968",0.318464278694311
"2969",0.318464278694311
"2970",0.318464278694311
"2971",0.318464278694311
"2972",0.318464278694311
"2973",0.318464278694311
"2974",0.0451275389407295
"2975",0.318464278694311
"2976",0.318464278694311
"2977",0.318464278694311
"2978",0.318464278694311
"2979",0.318464278694311
"2980",0.0443715948726904
"2981",0.318464278694311
"2982",0.318464278694311
"2983",0.0451275389407295
"2984",0.318464278694311
"2985",0.0443715948726904
"2986",0.318464278694311
"2987",0.318464278694311
"2988",0.318464278694311
"2989",0.318464278694311
"2990",0.318464278694311
"2991",0.318464278694311
"2992",0.318464278694311
"2993",0.318464278694311
"2994",0.0451275389407295
"2995",0.318464278694311
"2996",0.318464278694311
"2997",0.318464278694311
"2998",0.318464278694311
"2999",0.318464278694311
"3000",0.0443715948726904
"3001",0.318464278694311
"3002",0.318464278694311
"3003",0.0451275389407295
"3004",0.318464278694311
"3005",0.0443715948726904
"3006",0.318464278694311
"3007",0.318464278694311
"3008",0.318464278694311
"3009",0.318464278694311
"3010",0.318464278694311
"3011",0.318464278694311
"3012",0.318464278694311
"3013",0.318464278694311
"3014",0.0451275389407295
"3015",0.318464278694311
"3016",0.318464278694311
"3017",0.318464278694311
"3018",0.318464278694311
"3019",0.318464278694311
"3020",0.0443715948726904
"3021",0.318464278694311
"3022",0.318464278694311
"3023",0.318464278694311
"3024",0.0451275389407295
"3025",0.318464278694311
"3026",0.318464278694311
"3027",0.318464278694311
"3028",0.318464278694311
"3029",0.318464278694311
"3030",0.0443715948726904
"3031",0.318464278694311
"3032",0.318464278694311
"3033",0.318464278694311
"3034",0.0451275389407295
"3035",0.318464278694311
"3036",0.318464278694311
"3037",0.318464278694311
"3038",0.318464278694311
"3039",0.318464278694311
"3040",0.0443715948726904
"3041",0.318464278694311
"3042",0.318464278694311
"3043",0.0451275389407295
"3044",0.318464278694311
"3045",0.0443715948726904
"3046",0.318464278694311
"3047",0.318464278694311
"3048",0.318464278694311
"3049",0.318464278694311
"3050",0.318464278694311
"3051",0.318464278694311
"3052",0.318464278694311
"3053",0.318464278694311
"3054",0.0451275389407295
"3055",0.318464278694311
"3056",0.318464278694311
"3057",0.318464278694311
"3058",0.318464278694311
"3059",0.318464278694311
"3060",0.0443715948726904
"3061",0.318464278694311
"3062",0.318464278694311
"3063",0.318464278694311
"3064",0.0451275389407295
"3065",0.318464278694311
"3066",0.318464278694311
"3067",0.318464278694311
"3068",0.318464278694311
"3069",0.318464278694311
"3070",0.0443715948726904
"3071",0.318464278694311
"3072",0.318464278694311
"3073",0.318464278694311
"3074",0.0451275389407295
"3075",0.318464278694311
"3076",0.318464278694311
"3077",0.318464278694311
"3078",0.318464278694311
"3079",0.318464278694311
"3080",0.0443715948726904
"3081",0.318464278694311
"3082",0.318464278694311
"3083",0.0451275389407295
"3084",0.318464278694311
"3085",0.0443715948726904
"3086",0.318464278694311
"3087",0.318464278694311
"3088",0.318464278694311
"3089",0.318464278694311
"3090",0.318464278694311
"3091",0.318464278694311
"3092",0.318464278694311
"3093",0.0451275389407295
"3094",0.318464278694311
"3095",0.0443715948726904
"3096",0.318464278694311
"3097",0.318464278694311
"3098",0.318464278694311
"3099",0.318464278694311
"3100",0.318464278694311
"3101",0.318464278694311
"3102",0.318464278694311
"3103",0.0451275389407295
"3104",0.318464278694311
"3105",0.0443715948726904
"3106",0.318464278694311
"3107",0.318464278694311
"3108",0.318464278694311
"3109",0.318464278694311
"3110",0.318464278694311
"3111",0.318464278694311
"3112",0.318464278694311
"3113",0.318464278694311
"3114",0.0451275389407295
"3115",0.318464278694311
"3116",0.318464278694311
"3117",0.318464278694311
"3118",0.318464278694311
"3119",0.318464278694311
"3120",0.0443715948726904
"3121",0.318464278694311
"3122",0.318464278694311
"3123",0.0451275389407295
"3124",0.318464278694311
"3125",0.0443715948726904
"3126",0.318464278694311
"3127",0.318464278694311
"3128",0.318464278694311
"3129",0.318464278694311
"3130",0.318464278694311
"3131",0.318464278694311
"3132",0.318464278694311
"3133",0.0451275389407295
"3134",0.318464278694311
"3135",0.0443715948726904
"3136",0.318464278694311
"3137",0.318464278694311
"3138",0.318464278694311
"3139",0.318464278694311
"3140",0.318464278694311
"3141",0.318464278694311
"3142",0.318464278694311
"3143",0.0451275389407295
"3144",0.318464278694311
"3145",0.0443715948726904
"3146",0.318464278694311
"3147",0.318464278694311
"3148",0.318464278694311
"3149",0.318464278694311
"3150",0.318464278694311
"3151",0.318464278694311
"3152",0.318464278694311
"3153",0.0451275389407295
"3154",0.318464278694311
"3155",0.0443715948726904
"3156",0.318464278694311
"3157",0.318464278694311
"3158",0.318464278694311
"3159",0.318464278694311
"3160",0.318464278694311
"3161",0.318464278694311
"3162",0.318464278694311
"3163",0.318464278694311
"3164",0.0451275389407295
"3165",0.318464278694311
"3166",0.318464278694311
"3167",0.318464278694311
"3168",0.318464278694311
"3169",0.318464278694311
"3170",0.0443715948726904
"3171",0.318464278694311
"3172",0.318464278694311
"3173",0.0451275389407295
"3174",0.318464278694311
"3175",0.0443715948726904
"3176",0.318464278694311
"3177",0.318464278694311
"3178",0.318464278694311
"3179",0.318464278694311
"3180",0.318464278694311
"3181",0.318464278694311
"3182",0.318464278694311
"3183",0.0451275389407295
"3184",0.318464278694311
"3185",0.0443715948726904
"3186",0.318464278694311
"3187",0.318464278694311
"3188",0.318464278694311
"3189",0.318464278694311
"3190",0.318464278694311
"3191",0.318464278694311
"3192",0.318464278694311
"3193",0.318464278694311
"3194",0.0451275389407295
"3195",0.318464278694311
"3196",0.318464278694311
"3197",0.318464278694311
"3198",0.318464278694311
"3199",0.318464278694311
"3200",0.0443715948726904
"3201",0.318464278694311
"3202",0.318464278694311
"3203",0.318464278694311
"3204",0.0451275389407295
"3205",0.318464278694311
"3206",0.318464278694311
"3207",0.318464278694311
"3208",0.318464278694311
"3209",0.318464278694311
"3210",0.0443715948726904
"3211",0.318464278694311
"3212",0.318464278694311
"3213",0.318464278694311
"3214",0.0451275389407295
"3215",0.318464278694311
"3216",0.318464278694311
"3217",0.318464278694311
"3218",0.318464278694311
"3219",0.318464278694311
"3220",0.0443715948726904
"3221",0.318464278694311
"3222",0.318464278694311
"3223",0.318464278694311
"3224",0.0451275389407295
"3225",0.318464278694311
"3226",0.318464278694311
"3227",0.318464278694311
"3228",0.318464278694311
"3229",0.318464278694311
"3230",0.0443715948726904
"3231",0.318464278694311
"3232",0.318464278694311
"3233",0.0451275389407295
"3234",0.318464278694311
"3235",0.0443715948726904
"3236",0.318464278694311
"3237",0.318464278694311
"3238",0.318464278694311
"3239",0.318464278694311
"3240",0.318464278694311
"3241",0.318464278694311
"3242",0.318464278694311
"3243",0.0451275389407295
"3244",0.318464278694311
"3245",0.0443715948726904
"3246",0.318464278694311
"3247",0.318464278694311
"3248",0.318464278694311
"3249",0.318464278694311
"3250",0.318464278694311
"3251",0.318464278694311
"3252",0.318464278694311
"3253",0.318464278694311
"3254",0.0451275389407295
"3255",0.318464278694311
"3256",0.318464278694311
"3257",0.318464278694311
"3258",0.318464278694311
"3259",0.318464278694311
"3260",0.0443715948726904
"3261",0.318464278694311
"3262",0.318464278694311
"3263",0.318464278694311
"3264",0.0451275389407295
"3265",0.318464278694311
"3266",0.318464278694311
"3267",0.318464278694311
"3268",0.318464278694311
"3269",0.318464278694311
"3270",0.0443715948726904
"3271",0.318464278694311
"3272",0.318464278694311
"3273",0.0451275389407295
"3274",0.318464278694311
"3275",0.0443715948726904
"3276",0.318464278694311
"3277",0.318464278694311
"3278",0.318464278694311
"3279",0.318464278694311
"3280",0.318464278694311
"3281",0.318464278694311
"3282",0.318464278694311
"3283",0.0451275389407295
"3284",0.318464278694311
"3285",0.0443715948726904
"3286",0.318464278694311
"3287",0.318464278694311
"3288",0.318464278694311
"3289",0.318464278694311
"3290",0.318464278694311
"3291",0.318464278694311
"3292",0.318464278694311
"3293",0.318464278694311
"3294",0.0451275389407295
"3295",0.318464278694311
"3296",0.318464278694311
"3297",0.318464278694311
"3298",0.318464278694311
"3299",0.318464278694311
"3300",0.0443715948726904
"3301",0.318464278694311
"3302",0.318464278694311
"3303",0.0451275389407295
"3304",0.318464278694311
"3305",0.0443715948726904
"3306",0.318464278694311
"3307",0.318464278694311
"3308",0.318464278694311
"3309",0.318464278694311
"3310",0.318464278694311
"3311",0.318464278694311
"3312",0.318464278694311
"3313",0.318464278694311
"3314",0.0451275389407295
"3315",0.318464278694311
"3316",0.318464278694311
"3317",0.318464278694311
"3318",0.318464278694311
"3319",0.318464278694311
"3320",0.0443715948726904
"3321",0.318464278694311
"3322",0.318464278694311
"3323",0.0451275389407295
"3324",0.318464278694311
"3325",0.0443715948726904
"3326",0.318464278694311
"3327",0.318464278694311
"3328",0.318464278694311
"3329",0.318464278694311
"3330",0.318464278694311
"3331",0.318464278694311
"3332",0.318464278694311
"3333",0.318464278694311
"3334",0.0451275389407295
"3335",0.318464278694311
"3336",0.318464278694311
"3337",0.318464278694311
"3338",0.318464278694311
"3339",0.318464278694311
"3340",0.0443715948726904
"3341",0.318464278694311
"3342",0.318464278694311
"3343",0.0451275389407295
"3344",0.318464278694311
"3345",0.0443715948726904
"3346",0.318464278694311
"3347",0.318464278694311
"3348",0.318464278694311
"3349",0.318464278694311
"3350",0.318464278694311
"3351",0.318464278694311
"3352",0.318464278694311
"3353",0.0451275389407295
"3354",0.318464278694311
"3355",0.0443715948726904
"3356",0.318464278694311
"3357",0.318464278694311
"3358",0.318464278694311
"3359",0.318464278694311
"3360",0.318464278694311
"3361",0.318464278694311
"3362",0.318464278694311
"3363",0.0451275389407295
"3364",0.318464278694311
"3365",0.0443715948726904
"3366",0.318464278694311
"3367",0.318464278694311
"3368",0.318464278694311
"3369",0.318464278694311
"3370",0.318464278694311
"3371",0.318464278694311
"3372",0.318464278694311
"3373",0.318464278694311
"3374",0.0451275389407295
"3375",0.318464278694311
"3376",0.318464278694311
"3377",0.318464278694311
"3378",0.318464278694311
"3379",0.318464278694311
"3380",0.0443715948726904
"3381",0.318464278694311
"3382",0.318464278694311
"3383",0.318464278694311
"3384",0.0451275389407295
"3385",0.318464278694311
"3386",0.318464278694311
"3387",0.318464278694311
"3388",0.318464278694311
"3389",0.318464278694311
"3390",0.0443715948726904
"3391",0.318464278694311
"3392",0.318464278694311
"3393",0.318464278694311
"3394",0.0451275389407295
"3395",0.318464278694311
"3396",0.318464278694311
"3397",0.318464278694311
"3398",0.318464278694311
"3399",0.318464278694311
"3400",0.0443715948726904
"3401",0.318464278694311
"3402",0.318464278694311
"3403",0.318464278694311
"3404",0.0451275389407295
"3405",0.318464278694311
"3406",0.318464278694311
"3407",0.318464278694311
"3408",0.318464278694311
"3409",0.318464278694311
"3410",0.0443715948726904
"3411",0.318464278694311
"3412",0.318464278694311
"3413",0.0451275389407295
"3414",0.318464278694311
"3415",0.0443715948726904
"3416",0.318464278694311
"3417",0.318464278694311
"3418",0.318464278694311
"3419",0.318464278694311
"3420",0.318464278694311
"3421",0.318464278694311
"3422",0.318464278694311
"3423",0.318464278694311
"3424",0.0451275389407295
"3425",0.318464278694311
"3426",0.318464278694311
"3427",0.318464278694311
"3428",0.318464278694311
"3429",0.318464278694311
"3430",0.0443715948726904
"3431",0.318464278694311
"3432",0.318464278694311
"3433",0.318464278694311
"3434",0.0451275389407295
"3435",0.318464278694311
"3436",0.318464278694311
"3437",0.318464278694311
"3438",0.318464278694311
"3439",0.318464278694311
"3440",0.0443715948726904
"3441",0.318464278694311
"3442",0.318464278694311
"3443",0.318464278694311
"3444",0.0451275389407295
"3445",0.318464278694311
"3446",0.318464278694311
"3447",0.318464278694311
"3448",0.318464278694311
"3449",0.318464278694311
"3450",0.0443715948726904
"3451",0.318464278694311
"3452",0.318464278694311
"3453",0.318464278694311
"3454",0.0451275389407295
"3455",0.318464278694311
"3456",0.318464278694311
"3457",0.318464278694311
"3458",0.318464278694311
"3459",0.318464278694311
"3460",0.0443715948726904
"3461",0.318464278694311
"3462",0.318464278694311
"3463",0.318464278694311
"3464",0.0451275389407295
"3465",0.318464278694311
"3466",0.318464278694311
"3467",0.318464278694311
"3468",0.318464278694311
"3469",0.318464278694311
"3470",0.0443715948726904
"3471",0.318464278694311
"3472",0.318464278694311
"3473",0.318464278694311
"3474",0.0451275389407295
"3475",0.318464278694311
"3476",0.318464278694311
"3477",0.318464278694311
"3478",0.318464278694311
"3479",0.318464278694311
"3480",0.0443715948726904
"3481",0.318464278694311
"3482",0.318464278694311
"3483",0.318464278694311
"3484",0.0451275389407295
"3485",0.318464278694311
"3486",0.318464278694311
"3487",0.318464278694311
"3488",0.318464278694311
"3489",0.318464278694311
"3490",0.0443715948726904
"3491",0.318464278694311
"3492",0.318464278694311
"3493",0.318464278694311
"3494",0.0451275389407295
"3495",0.318464278694311
"3496",0.318464278694311
"3497",0.318464278694311
"3498",0.318464278694311
"3499",0.318464278694311
"3500",0.0443715948726904
"3501",0.318464278694311
"3502",0.318464278694311
"3503",0.0451275389407295
"3504",0.318464278694311
"3505",0.0443715948726904
"3506",0.318464278694311
"3507",0.318464278694311
"3508",0.318464278694311
"3509",0.318464278694311
"3510",0.318464278694311
"3511",0.318464278694311
"3512",0.318464278694311
"3513",0.318464278694311
"3514",0.0451275389407295
"3515",0.318464278694311
"3516",0.318464278694311
"3517",0.318464278694311
"3518",0.318464278694311
"3519",0.318464278694311
"3520",0.0443715948726904
"3521",0.318464278694311
"3522",0.318464278694311
"3523",0.318464278694311
"3524",0.0451275389407295
"3525",0.318464278694311
"3526",0.318464278694311
"3527",0.318464278694311
"3528",0.318464278694311
"3529",0.318464278694311
"3530",0.0443715948726904
"3531",0.318464278694311
"3532",0.318464278694311
"3533",0.0451275389407295
"3534",0.318464278694311
"3535",0.0443715948726904
"3536",0.318464278694311
"3537",0.318464278694311
"3538",0.318464278694311
"3539",0.318464278694311
"3540",0.318464278694311
"3541",0.318464278694311
"3542",0.318464278694311
"3543",0.0451275389407295
"3544",0.318464278694311
"3545",0.0443715948726904
"3546",0.318464278694311
"3547",0.318464278694311
"3548",0.318464278694311
"3549",0.318464278694311
"3550",0.318464278694311
"3551",0.318464278694311
"3552",0.318464278694311
"3553",0.318464278694311
"3554",0.0451275389407295
"3555",0.318464278694311
"3556",0.318464278694311
"3557",0.318464278694311
"3558",0.318464278694311
"3559",0.318464278694311
"3560",0.0443715948726904
"3561",0.318464278694311
"3562",0.318464278694311
"3563",0.0451275389407295
"3564",0.318464278694311
"3565",0.0443715948726904
"3566",0.318464278694311
"3567",0.318464278694311
"3568",0.318464278694311
"3569",0.318464278694311
"3570",0.318464278694311
"3571",0.318464278694311
"3572",0.318464278694311
"3573",0.0451275389407295
"3574",0.318464278694311
"3575",0.0443715948726904
"3576",0.318464278694311
"3577",0.318464278694311
"3578",0.318464278694311
"3579",0.318464278694311
"3580",0.318464278694311
"3581",0.318464278694311
"3582",0.318464278694311
"3583",0.0451275389407295
"3584",0.318464278694311
"3585",0.0443715948726904
"3586",0.318464278694311
"3587",0.318464278694311
"3588",0.318464278694311
"3589",0.318464278694311
"3590",0.318464278694311
"3591",0.318464278694311
"3592",0.318464278694311
"3593",0.318464278694311
"3594",0.0451275389407295
"3595",0.318464278694311
"3596",0.318464278694311
"3597",0.318464278694311
"3598",0.318464278694311
"3599",0.318464278694311
"3600",0.0443715948726904
"3601",0.318464278694311
"3602",0.318464278694311
"3603",0.318464278694311
"3604",0.0451275389407295
"3605",0.318464278694311
"3606",0.318464278694311
"3607",0.318464278694311
"3608",0.318464278694311
"3609",0.318464278694311
"3610",0.0443715948726904
"3611",0.318464278694311
"3612",0.318464278694311
"3613",0.318464278694311
"3614",0.0451275389407295
"3615",0.318464278694311
"3616",0.318464278694311
"3617",0.318464278694311
"3618",0.318464278694311
"3619",0.318464278694311
"3620",0.0443715948726904
"3621",0.318464278694311
"3622",0.318464278694311
"3623",0.318464278694311
"3624",0.0451275389407295
"3625",0.318464278694311
"3626",0.318464278694311
"3627",0.318464278694311
"3628",0.318464278694311
"3629",0.318464278694311
"3630",0.0443715948726904
"3631",0.318464278694311
"3632",0.318464278694311
"3633",0.0451275389407295
"3634",0.318464278694311
"3635",0.0443715948726904
"3636",0.318464278694311
"3637",0.318464278694311
"3638",0.318464278694311
"3639",0.318464278694311
"3640",0.318464278694311
"3641",0.318464278694311
"3642",0.318464278694311
"3643",0.318464278694311
"3644",0.0451275389407295
"3645",0.318464278694311
"3646",0.318464278694311
"3647",0.318464278694311
"3648",0.318464278694311
"3649",0.318464278694311
"3650",0.0443715948726904
"3651",0.318464278694311
"3652",0.318464278694311
"3653",0.0451275389407295
"3654",0.318464278694311
"3655",0.0443715948726904
"3656",0.318464278694311
"3657",0.318464278694311
"3658",0.318464278694311
"3659",0.318464278694311
"3660",0.318464278694311
"3661",0.318464278694311
"3662",0.318464278694311
"3663",0.0451275389407295
"3664",0.318464278694311
"3665",0.0443715948726904
"3666",0.318464278694311
"3667",0.318464278694311
"3668",0.318464278694311
"3669",0.318464278694311
"3670",0.318464278694311
"3671",0.318464278694311
"3672",0.318464278694311
"3673",0.0451275389407295
"3674",0.318464278694311
"3675",0.0443715948726904
"3676",0.318464278694311
"3677",0.318464278694311
"3678",0.318464278694311
"3679",0.318464278694311
"3680",0.318464278694311
"3681",0.318464278694311
"3682",0.318464278694311
"3683",0.0451275389407295
"3684",0.318464278694311
"3685",0.0443715948726904
"3686",0.318464278694311
"3687",0.318464278694311
"3688",0.318464278694311
"3689",0.318464278694311
"3690",0.318464278694311
"3691",0.318464278694311
"3692",0.318464278694311
"3693",0.0451275389407295
"3694",0.318464278694311
"3695",0.0443715948726904
"3696",0.318464278694311
"3697",0.318464278694311
"3698",0.318464278694311
"3699",0.318464278694311
"3700",0.318464278694311
"3701",0.318464278694311
"3702",0.318464278694311
"3703",0.318464278694311
"3704",0.0451275389407295
"3705",0.318464278694311
"3706",0.318464278694311
"3707",0.318464278694311
"3708",0.318464278694311
"3709",0.318464278694311
"3710",0.0443715948726904
"3711",0.318464278694311
"3712",0.318464278694311
"3713",0.0451275389407295
"3714",0.318464278694311
"3715",0.0443715948726904
"3716",0.318464278694311
"3717",0.318464278694311
"3718",0.318464278694311
"3719",0.318464278694311
"3720",0.318464278694311
"3721",0.318464278694311
"3722",0.318464278694311
"3723",0.0451275389407295
"3724",0.318464278694311
"3725",0.0443715948726904
"3726",0.318464278694311
"3727",0.318464278694311
"3728",0.318464278694311
"3729",0.318464278694311
"3730",0.318464278694311
"3731",0.318464278694311
"3732",0.318464278694311
"3733",0.0451275389407295
"3734",0.318464278694311
"3735",0.0443715948726904
"3736",0.318464278694311
"3737",0.318464278694311
"3738",0.318464278694311
"3739",0.318464278694311
"3740",0.318464278694311
"3741",0.318464278694311
"3742",0.318464278694311
"3743",0.318464278694311
"3744",0.0451275389407295
"3745",0.318464278694311
"3746",0.318464278694311
"3747",0.318464278694311
"3748",0.318464278694311
"3749",0.318464278694311
"3750",0.0443715948726904
"3751",0.318464278694311
"3752",0.318464278694311
"3753",0.318464278694311
"3754",0.0451275389407295
"3755",0.318464278694311
"3756",0.318464278694311
"3757",0.318464278694311
"3758",0.318464278694311
"3759",0.318464278694311
"3760",0.0443715948726904
"3761",0.318464278694311
"3762",0.318464278694311
"3763",0.318464278694311
"3764",0.0451275389407295
"3765",0.318464278694311
"3766",0.318464278694311
"3767",0.318464278694311
"3768",0.318464278694311
"3769",0.318464278694311
"3770",0.0443715948726904
"3771",0.318464278694311
"3772",0.318464278694311
"3773",0.318464278694311
"3774",0.0451275389407295
"3775",0.318464278694311
"3776",0.318464278694311
"3777",0.318464278694311
"3778",0.318464278694311
"3779",0.318464278694311
"3780",0.0443715948726904
"3781",0.318464278694311
"3782",0.318464278694311
"3783",0.0451275389407295
"3784",0.318464278694311
"3785",0.0443715948726904
"3786",0.318464278694311
"3787",0.318464278694311
"3788",0.318464278694311
"3789",0.318464278694311
"3790",0.318464278694311
"3791",0.318464278694311
"3792",0.318464278694311
"3793",0.318464278694311
"3794",0.0451275389407295
"3795",0.318464278694311
"3796",0.318464278694311
"3797",0.318464278694311
"3798",0.318464278694311
"3799",0.318464278694311
"3800",0.0443715948726904
"3801",0.318464278694311
"3802",0.318464278694311
"3803",0.0451275389407295
"3804",0.318464278694311
"3805",0.0443715948726904
"3806",0.318464278694311
"3807",0.318464278694311
"3808",0.318464278694311
"3809",0.318464278694311
"3810",0.318464278694311
"3811",0.318464278694311
"3812",0.318464278694311
"3813",0.0451275389407295
"3814",0.318464278694311
"3815",0.0443715948726904
"3816",0.318464278694311
"3817",0.318464278694311
"3818",0.318464278694311
"3819",0.318464278694311
"3820",0.318464278694311
"3821",0.318464278694311
"3822",0.318464278694311
"3823",0.0451275389407295
"3824",0.318464278694311
"3825",0.0443715948726904
"3826",0.318464278694311
"3827",0.318464278694311
"3828",0.318464278694311
"3829",0.318464278694311
"3830",0.318464278694311
"3831",0.318464278694311
"3832",0.318464278694311
"3833",0.0451275389407295
"3834",0.318464278694311
"3835",0.0443715948726904
"3836",0.318464278694311
"3837",0.318464278694311
"3838",0.318464278694311
"3839",0.318464278694311
"3840",0.318464278694311
"3841",0.318464278694311
"3842",0.318464278694311
"3843",0.318464278694311
"3844",0.0451275389407295
"3845",0.318464278694311
"3846",0.318464278694311
"3847",0.318464278694311
"3848",0.318464278694311
"3849",0.318464278694311
"3850",0.0443715948726904
"3851",0.318464278694311
"3852",0.318464278694311
"3853",0.0451275389407295
"3854",0.318464278694311
"3855",0.0443715948726904
"3856",0.318464278694311
"3857",0.318464278694311
"3858",0.318464278694311
"3859",0.318464278694311
"3860",0.318464278694311
"3861",0.318464278694311
"3862",0.318464278694311
"3863",0.0451275389407295
"3864",0.318464278694311
"3865",0.0443715948726904
"3866",0.318464278694311
"3867",0.318464278694311
"3868",0.318464278694311
"3869",0.318464278694311
"3870",0.318464278694311
"3871",0.318464278694311
"3872",0.318464278694311
"3873",0.0451275389407295
"3874",0.318464278694311
"3875",0.0443715948726904
"3876",0.318464278694311
"3877",0.318464278694311
"3878",0.318464278694311
"3879",0.318464278694311
"3880",0.318464278694311
"3881",0.318464278694311
"3882",0.318464278694311
"3883",0.318464278694311
"3884",0.0451275389407295
"3885",0.318464278694311
"3886",0.318464278694311
"3887",0.318464278694311
"3888",0.318464278694311
"3889",0.318464278694311
"3890",0.0443715948726904
"3891",0.318464278694311
"3892",0.318464278694311
"3893",0.0451275389407295
"3894",0.318464278694311
"3895",0.0443715948726904
"3896",0.318464278694311
"3897",0.318464278694311
"3898",0.318464278694311
"3899",0.318464278694311
"3900",0.318464278694311
"3901",0.318464278694311
"3902",0.318464278694311
"3903",0.0451275389407295
"3904",0.318464278694311
"3905",0.0443715948726904
"3906",0.318464278694311
"3907",0.318464278694311
"3908",0.318464278694311
"3909",0.318464278694311
"3910",0.318464278694311
"3911",0.318464278694311
"3912",0.318464278694311
"3913",0.318464278694311
"3914",0.0451275389407295
"3915",0.318464278694311
"3916",0.318464278694311
"3917",0.318464278694311
"3918",0.318464278694311
"3919",0.318464278694311
"3920",0.0443715948726904
"3921",0.318464278694311
"3922",0.318464278694311
"3923",0.0451275389407295
"3924",0.318464278694311
"3925",0.0443715948726904
"3926",0.318464278694311
"3927",0.318464278694311
"3928",0.318464278694311
"3929",0.318464278694311
"3930",0.318464278694311
"3931",0.318464278694311
"3932",0.318464278694311
"3933",0.318464278694311
"3934",0.0451275389407295
"3935",0.318464278694311
"3936",0.318464278694311
"3937",0.318464278694311
"3938",0.318464278694311
"3939",0.318464278694311
"3940",0.0443715948726904
"3941",0.318464278694311
"3942",0.318464278694311
"3943",0.318464278694311
"3944",0.0451275389407295
"3945",0.318464278694311
"3946",0.318464278694311
"3947",0.318464278694311
"3948",0.318464278694311
"3949",0.318464278694311
"3950",0.0443715948726904
"3951",0.318464278694311
"3952",0.318464278694311
"3953",0.318464278694311
"3954",0.0451275389407295
"3955",0.318464278694311
"3956",0.318464278694311
"3957",0.318464278694311
"3958",0.318464278694311
"3959",0.318464278694311
"3960",0.0443715948726904
"3961",0.318464278694311
"3962",0.318464278694311
"3963",0.0451275389407295
"3964",0.318464278694311
"3965",0.0443715948726904
"3966",0.318464278694311
"3967",0.318464278694311
"3968",0.318464278694311
"3969",0.318464278694311
"3970",0.318464278694311
"3971",0.318464278694311
"3972",0.318464278694311
"3973",0.318464278694311
"3974",0.0451275389407295
"3975",0.318464278694311
"3976",0.318464278694311
"3977",0.318464278694311
"3978",0.318464278694311
"3979",0.318464278694311
"3980",0.0443715948726904
"3981",0.318464278694311
"3982",0.318464278694311
"3983",0.0451275389407295
"3984",0.318464278694311
"3985",0.0443715948726904
"3986",0.318464278694311
"3987",0.318464278694311
"3988",0.318464278694311
"3989",0.318464278694311
"3990",0.318464278694311
"3991",0.318464278694311
"3992",0.318464278694311
"3993",0.0451275389407295
"3994",0.318464278694311
"3995",0.0443715948726904
"3996",0.318464278694311
"3997",0.318464278694311
"3998",0.318464278694311
"3999",0.318464278694311
"4000",0.318464278694311
"4001",0.318464278694311
"4002",0.318464278694311
"4003",0.318464278694311
"4004",0.0451275389407295
"4005",0.318464278694311
"4006",0.318464278694311
"4007",0.318464278694311
"4008",0.318464278694311
"4009",0.318464278694311
"4010",0.0443715948726904
"4011",0.318464278694311
"4012",0.318464278694311
"4013",0.318464278694311
"4014",0.0451275389407295
"4015",0.318464278694311
"4016",0.318464278694311
"4017",0.318464278694311
"4018",0.318464278694311
"4019",0.318464278694311
"4020",0.0443715948726904
"4021",0.318464278694311
"4022",0.318464278694311
"4023",0.318464278694311
"4024",0.0451275389407295
"4025",0.318464278694311
"4026",0.318464278694311
"4027",0.318464278694311
"4028",0.318464278694311
"4029",0.318464278694311
"4030",0.0443715948726904
"4031",0.318464278694311
"4032",0.318464278694311
"4033",0.318464278694311
"4034",0.0451275389407295
"4035",0.318464278694311
"4036",0.318464278694311
"4037",0.318464278694311
"4038",0.318464278694311
"4039",0.318464278694311
"4040",0.0443715948726904
"4041",0.318464278694311
"4042",0.318464278694311
"4043",0.318464278694311
"4044",0.0451275389407295
"4045",0.318464278694311
"4046",0.318464278694311
"4047",0.318464278694311
"4048",0.318464278694311
"4049",0.318464278694311
"4050",0.0443715948726904
"4051",0.318464278694311
"4052",0.318464278694311
"4053",0.0451275389407295
"4054",0.318464278694311
"4055",0.0443715948726904
"4056",0.318464278694311
"4057",0.318464278694311
"4058",0.318464278694311
"4059",0.318464278694311
"4060",0.318464278694311
"4061",0.318464278694311
"4062",0.318464278694311
"4063",0.318464278694311
"4064",0.0451275389407295
"4065",0.318464278694311
"4066",0.318464278694311
"4067",0.318464278694311
"4068",0.318464278694311
"4069",0.318464278694311
"4070",0.0443715948726904
"4071",0.318464278694311
"4072",0.318464278694311
"4073",0.0451275389407295
"4074",0.318464278694311
"4075",0.0443715948726904
"4076",0.318464278694311
"4077",0.318464278694311
"4078",0.318464278694311
"4079",0.318464278694311
"4080",0.318464278694311
"4081",0.318464278694311
"4082",0.318464278694311
"4083",0.0451275389407295
"4084",0.318464278694311
"4085",0.0443715948726904
"4086",0.318464278694311
"4087",0.318464278694311
"4088",0.318464278694311
"4089",0.318464278694311
"4090",0.318464278694311
"4091",0.318464278694311
"4092",0.318464278694311
"4093",0.0451275389407295
"4094",0.318464278694311
"4095",0.0443715948726904
"4096",0.318464278694311
"4097",0.318464278694311
"4098",0.318464278694311
"4099",0.318464278694311
"4100",0.318464278694311
"4101",0.318464278694311
"4102",0.318464278694311
"4103",0.318464278694311
"4104",0.0451275389407295
"4105",0.318464278694311
"4106",0.318464278694311
"4107",0.318464278694311
"4108",0.318464278694311
"4109",0.318464278694311
"4110",0.0443715948726904
"4111",0.318464278694311
"4112",0.318464278694311
"4113",0.0451275389407295
"4114",0.318464278694311
"4115",0.0443715948726904
"4116",0.318464278694311
"4117",0.318464278694311
"4118",0.318464278694311
"4119",0.318464278694311
"4120",0.318464278694311
"4121",0.318464278694311
"4122",0.318464278694311
"4123",0.0451275389407295
"4124",0.318464278694311
"4125",0.0443715948726904
"4126",0.318464278694311
"4127",0.318464278694311
"4128",0.318464278694311
"4129",0.318464278694311
"4130",0.318464278694311
"4131",0.318464278694311
"4132",0.318464278694311
"4133",0.0451275389407295
"4134",0.318464278694311
"4135",0.0443715948726904
"4136",0.318464278694311
"4137",0.318464278694311
"4138",0.318464278694311
"4139",0.318464278694311
"4140",0.318464278694311
"4141",0.318464278694311
"4142",0.318464278694311
"4143",0.318464278694311
"4144",0.0451275389407295
"4145",0.318464278694311
"4146",0.318464278694311
"4147",0.318464278694311
"4148",0.318464278694311
"4149",0.318464278694311
"4150",0.0443715948726904
"4151",0.318464278694311
"4152",0.318464278694311
"4153",0.318464278694311
"4154",0.0451275389407295
"4155",0.318464278694311
"4156",0.318464278694311
"4157",0.318464278694311
"4158",0.318464278694311
"4159",0.318464278694311
"4160",0.0443715948726904
"4161",0.318464278694311
"4162",0.318464278694311
"4163",0.318464278694311
"4164",0.0451275389407295
"4165",0.318464278694311
"4166",0.318464278694311
"4167",0.318464278694311
"4168",0.318464278694311
"4169",0.318464278694311
"4170",0.0443715948726904
"4171",0.318464278694311
"4172",0.318464278694311
"4173",0.318464278694311
"4174",0.0451275389407295
"4175",0.318464278694311
"4176",0.318464278694311
"4177",0.318464278694311
"4178",0.318464278694311
"4179",0.318464278694311
"4180",0.0443715948726904
"4181",0.318464278694311
"4182",0.318464278694311
"4183",0.0451275389407295
"4184",0.318464278694311
"4185",0.0443715948726904
"4186",0.318464278694311
"4187",0.318464278694311
"4188",0.318464278694311
"4189",0.318464278694311
"4190",0.318464278694311
"4191",0.318464278694311
"4192",0.318464278694311
"4193",0.318464278694311
"4194",0.0451275389407295
"4195",0.318464278694311
"4196",0.318464278694311
"4197",0.318464278694311
"4198",0.318464278694311
"4199",0.318464278694311
"4200",0.0443715948726904
"4201",0.318464278694311
"4202",0.318464278694311
"4203",0.0451275389407295
"4204",0.318464278694311
"4205",0.0443715948726904
"4206",0.318464278694311
"4207",0.318464278694311
"4208",0.318464278694311
"4209",0.318464278694311
"4210",0.318464278694311
"4211",0.318464278694311
"4212",0.318464278694311
"4213",0.0451275389407295
"4214",0.318464278694311
"4215",0.0443715948726904
"4216",0.318464278694311
"4217",0.318464278694311
"4218",0.318464278694311
"4219",0.318464278694311
"4220",0.318464278694311
"4221",0.318464278694311
"4222",0.318464278694311
"4223",0.318464278694311
"4224",0.0451275389407295
"4225",0.318464278694311
"4226",0.318464278694311
"4227",0.318464278694311
"4228",0.318464278694311
"4229",0.318464278694311
"4230",0.0443715948726904
"4231",0.318464278694311
"4232",0.318464278694311
"4233",0.318464278694311
"4234",0.0451275389407295
"4235",0.318464278694311
"4236",0.318464278694311
"4237",0.318464278694311
"4238",0.318464278694311
"4239",0.318464278694311
"4240",0.0443715948726904
"4241",0.318464278694311
"4242",0.318464278694311
"4243",0.318464278694311
"4244",0.0451275389407295
"4245",0.318464278694311
"4246",0.318464278694311
"4247",0.318464278694311
"4248",0.318464278694311
"4249",0.318464278694311
"4250",0.0443715948726904
"4251",0.318464278694311
"4252",0.318464278694311
"4253",0.0451275389407295
"4254",0.318464278694311
"4255",0.0443715948726904
"4256",0.318464278694311
"4257",0.318464278694311
"4258",0.318464278694311
"4259",0.318464278694311
"4260",0.318464278694311
"4261",0.318464278694311
"4262",0.318464278694311
"4263",0.0451275389407295
"4264",0.318464278694311
"4265",0.0443715948726904
"4266",0.318464278694311
"4267",0.318464278694311
"4268",0.318464278694311
"4269",0.318464278694311
"4270",0.318464278694311
"4271",0.318464278694311
"4272",0.318464278694311
"4273",0.0451275389407295
"4274",0.318464278694311
"4275",0.0443715948726904
"4276",0.318464278694311
"4277",0.318464278694311
"4278",0.318464278694311
"4279",0.318464278694311
"4280",0.318464278694311
"4281",0.318464278694311
"4282",0.318464278694311
"4283",0.318464278694311
"4284",0.0451275389407295
"4285",0.318464278694311
"4286",0.318464278694311
"4287",0.318464278694311
"4288",0.318464278694311
"4289",0.318464278694311
"4290",0.0443715948726904
"4291",0.318464278694311
"4292",0.318464278694311
"4293",0.318464278694311
"4294",0.0451275389407295
"4295",0.318464278694311
"4296",0.318464278694311
"4297",0.318464278694311
"4298",0.318464278694311
"4299",0.318464278694311
"4300",0.0443715948726904
"4301",0.318464278694311
"4302",0.318464278694311
"4303",0.0451275389407295
"4304",0.318464278694311
"4305",0.0443715948726904
"4306",0.318464278694311
"4307",0.318464278694311
"4308",0.318464278694311
"4309",0.318464278694311
"4310",0.318464278694311
"4311",0.318464278694311
"4312",0.318464278694311
"4313",0.0451275389407295
"4314",0.318464278694311
"4315",0.0443715948726904
"4316",0.318464278694311
"4317",0.318464278694311
"4318",0.318464278694311
"4319",0.318464278694311
"4320",0.318464278694311
"4321",0.318464278694311
"4322",0.318464278694311
"4323",0.318464278694311
"4324",0.0451275389407295
"4325",0.318464278694311
"4326",0.318464278694311
"4327",0.318464278694311
"4328",0.318464278694311
"4329",0.318464278694311
"4330",0.0443715948726904
"4331",0.318464278694311
"4332",0.318464278694311
"4333",0.0451275389407295
"4334",0.318464278694311
"4335",0.0443715948726904
"4336",0.318464278694311
"4337",0.318464278694311
"4338",0.318464278694311
"4339",0.318464278694311
"4340",0.318464278694311
"4341",0.318464278694311
"4342",0.318464278694311
"4343",0.318464278694311
"4344",0.0451275389407295
"4345",0.318464278694311
"4346",0.318464278694311
"4347",0.318464278694311
"4348",0.318464278694311
"4349",0.318464278694311
"4350",0.0443715948726904
"4351",0.318464278694311
"4352",0.318464278694311
"4353",0.318464278694311
"4354",0.0451275389407295
"4355",0.318464278694311
"4356",0.318464278694311
"4357",0.318464278694311
"4358",0.318464278694311
"4359",0.318464278694311
"4360",0.0443715948726904
"4361",0.318464278694311
"4362",0.318464278694311
"4363",0.0451275389407295
"4364",0.318464278694311
"4365",0.0443715948726904
"4366",0.318464278694311
"4367",0.318464278694311
"4368",0.318464278694311
"4369",0.318464278694311
"4370",0.318464278694311
"4371",0.318464278694311
"4372",0.318464278694311
"4373",0.318464278694311
"4374",0.0451275389407295
"4375",0.318464278694311
"4376",0.318464278694311
"4377",0.318464278694311
"4378",0.318464278694311
"4379",0.318464278694311
"4380",0.0443715948726904
"4381",0.318464278694311
"4382",0.318464278694311
"4383",0.0451275389407295
"4384",0.318464278694311
"4385",0.0443715948726904
"4386",0.318464278694311
"4387",0.318464278694311
"4388",0.318464278694311
"4389",0.318464278694311
"4390",0.318464278694311
"4391",0.318464278694311
"4392",0.318464278694311
"4393",0.318464278694311
"4394",0.0451275389407295
"4395",0.318464278694311
"4396",0.318464278694311
"4397",0.318464278694311
"4398",0.318464278694311
"4399",0.318464278694311
"4400",0.0443715948726904
"4401",0.318464278694311
"4402",0.318464278694311
"4403",0.318464278694311
"4404",0.0451275389407295
"4405",0.318464278694311
"4406",0.318464278694311
"4407",0.318464278694311
"4408",0.318464278694311
"4409",0.318464278694311
"4410",0.0443715948726904
"4411",0.318464278694311
"4412",0.318464278694311
"4413",0.318464278694311
"4414",0.0451275389407295
"4415",0.318464278694311
"4416",0.318464278694311
"4417",0.318464278694311
"4418",0.318464278694311
"4419",0.318464278694311
"4420",0.0443715948726904
"4421",0.318464278694311
"4422",0.318464278694311
"4423",0.0451275389407295
"4424",0.318464278694311
"4425",0.0443715948726904
"4426",0.318464278694311
"4427",0.318464278694311
"4428",0.318464278694311
"4429",0.318464278694311
"4430",0.318464278694311
"4431",0.318464278694311
"4432",0.318464278694311
"4433",0.318464278694311
"4434",0.0451275389407295
"4435",0.318464278694311
"4436",0.318464278694311
"4437",0.318464278694311
"4438",0.318464278694311
"4439",0.318464278694311
"4440",0.0443715948726904
"4441",0.318464278694311
"4442",0.318464278694311
"4443",0.318464278694311
"4444",0.0451275389407295
"4445",0.318464278694311
"4446",0.318464278694311
"4447",0.318464278694311
"4448",0.318464278694311
"4449",0.318464278694311
"4450",0.0443715948726904
"4451",0.318464278694311
"4452",0.318464278694311
"4453",0.0451275389407295
"4454",0.318464278694311
"4455",0.0443715948726904
"4456",0.318464278694311
"4457",0.318464278694311
"4458",0.318464278694311
"4459",0.318464278694311
"4460",0.318464278694311
"4461",0.318464278694311
"4462",0.318464278694311
"4463",0.318464278694311
"4464",0.0451275389407295
"4465",0.318464278694311
"4466",0.318464278694311
"4467",0.318464278694311
"4468",0.318464278694311
"4469",0.318464278694311
"4470",0.0443715948726904
"4471",0.318464278694311
"4472",0.318464278694311
"4473",0.0451275389407295
"4474",0.318464278694311
"4475",0.0443715948726904
"4476",0.318464278694311
"4477",0.318464278694311
"4478",0.318464278694311
"4479",0.318464278694311
"4480",0.318464278694311
"4481",0.318464278694311
"4482",0.318464278694311
"4483",0.318464278694311
"4484",0.0451275389407295
"4485",0.318464278694311
"4486",0.318464278694311
"4487",0.318464278694311
"4488",0.318464278694311
"4489",0.318464278694311
"4490",0.0443715948726904
"4491",0.318464278694311
"4492",0.318464278694311
"4493",0.318464278694311
"4494",0.0451275389407295
"4495",0.318464278694311
"4496",0.318464278694311
"4497",0.318464278694311
"4498",0.318464278694311
"4499",0.318464278694311
"4500",0.0443715948726904
"4501",0.318464278694311
"4502",0.318464278694311
"4503",0.318464278694311
"4504",0.0451275389407295
"4505",0.318464278694311
"4506",0.318464278694311
"4507",0.318464278694311
"4508",0.318464278694311
"4509",0.318464278694311
"4510",0.0443715948726904
"4511",0.318464278694311
"4512",0.318464278694311
"4513",0.0451275389407295
"4514",0.318464278694311
"4515",0.0443715948726904
"4516",0.318464278694311
"4517",0.318464278694311
"4518",0.318464278694311
"4519",0.318464278694311
"4520",0.318464278694311
"4521",0.318464278694311
"4522",0.318464278694311
"4523",0.0451275389407295
"4524",0.318464278694311
"4525",0.0443715948726904
"4526",0.318464278694311
"4527",0.318464278694311
"4528",0.318464278694311
"4529",0.318464278694311
"4530",0.318464278694311
"4531",0.318464278694311
"4532",0.318464278694311
"4533",0.318464278694311
"4534",0.0451275389407295
"4535",0.318464278694311
"4536",0.318464278694311
"4537",0.318464278694311
"4538",0.318464278694311
"4539",0.318464278694311
"4540",0.0443715948726904
"4541",0.318464278694311
"4542",0.318464278694311
"4543",0.0451275389407295
"4544",0.318464278694311
"4545",0.0443715948726904
"4546",0.318464278694311
"4547",0.318464278694311
"4548",0.318464278694311
"4549",0.318464278694311
"4550",0.318464278694311
"4551",0.318464278694311
"4552",0.318464278694311
"4553",0.0451275389407295
"4554",0.318464278694311
"4555",0.0443715948726904
"4556",0.318464278694311
"4557",0.318464278694311
"4558",0.318464278694311
"4559",0.318464278694311
"4560",0.318464278694311
"4561",0.318464278694311
"4562",0.318464278694311
"4563",0.0451275389407295
"4564",0.318464278694311
"4565",0.0443715948726904
"4566",0.318464278694311
"4567",0.318464278694311
"4568",0.318464278694311
"4569",0.318464278694311
"4570",0.318464278694311
"4571",0.318464278694311
"4572",0.318464278694311
"4573",0.0451275389407295
"4574",0.318464278694311
"4575",0.0443715948726904
"4576",0.318464278694311
"4577",0.318464278694311
"4578",0.318464278694311
"4579",0.318464278694311
"4580",0.318464278694311
"4581",0.318464278694311
"4582",0.318464278694311
"4583",0.0451275389407295
"4584",0.318464278694311
"4585",0.0443715948726904
"4586",0.318464278694311
"4587",0.318464278694311
"4588",0.318464278694311
"4589",0.318464278694311
"4590",0.318464278694311
"4591",0.318464278694311
"4592",0.318464278694311
"4593",0.318464278694311
"4594",0.0451275389407295
"4595",0.318464278694311
"4596",0.318464278694311
"4597",0.318464278694311
"4598",0.318464278694311
"4599",0.318464278694311
"4600",0.0443715948726904
"4601",0.318464278694311
"4602",0.318464278694311
"4603",0.0451275389407295
"4604",0.318464278694311
"4605",0.0443715948726904
"4606",0.318464278694311
"4607",0.318464278694311
"4608",0.318464278694311
"4609",0.318464278694311
"4610",0.318464278694311
"4611",0.318464278694311
"4612",0.318464278694311
"4613",0.0451275389407295
"4614",0.318464278694311
"4615",0.0443715948726904
"4616",0.318464278694311
"4617",0.318464278694311
"4618",0.318464278694311
"4619",0.318464278694311
"4620",0.318464278694311
"4621",0.318464278694311
"4622",0.318464278694311
"4623",0.0451275389407295
"4624",0.318464278694311
"4625",0.0443715948726904
"4626",0.318464278694311
"4627",0.318464278694311
"4628",0.318464278694311
"4629",0.318464278694311
"4630",0.318464278694311
"4631",0.318464278694311
"4632",0.318464278694311
"4633",0.318464278694311
"4634",0.0451275389407295
"4635",0.318464278694311
"4636",0.318464278694311
"4637",0.318464278694311
"4638",0.318464278694311
"4639",0.318464278694311
"4640",0.0443715948726904
"4641",0.318464278694311
"4642",0.318464278694311
"4643",0.318464278694311
"4644",0.0451275389407295
"4645",0.318464278694311
"4646",0.318464278694311
"4647",0.318464278694311
"4648",0.318464278694311
"4649",0.318464278694311
"4650",0.0443715948726904
"4651",0.318464278694311
"4652",0.318464278694311
"4653",0.318464278694311
"4654",0.0451275389407295
"4655",0.318464278694311
"4656",0.318464278694311
"4657",0.318464278694311
"4658",0.318464278694311
"4659",0.318464278694311
"4660",0.0443715948726904
"4661",0.318464278694311
"4662",0.318464278694311
"4663",0.0451275389407295
"4664",0.318464278694311
"4665",0.0443715948726904
"4666",0.318464278694311
"4667",0.318464278694311
"4668",0.318464278694311
"4669",0.318464278694311
"4670",0.318464278694311
"4671",0.318464278694311
"4672",0.318464278694311
"4673",0.318464278694311
"4674",0.0451275389407295
"4675",0.318464278694311
"4676",0.318464278694311
"4677",0.318464278694311
"4678",0.318464278694311
"4679",0.318464278694311
"4680",0.0443715948726904
"4681",0.318464278694311
"4682",0.318464278694311
"4683",0.0451275389407295
"4684",0.318464278694311
"4685",0.0443715948726904
"4686",0.318464278694311
"4687",0.318464278694311
"4688",0.318464278694311
"4689",0.318464278694311
"4690",0.318464278694311
"4691",0.318464278694311
"4692",0.318464278694311
"4693",0.0451275389407295
"4694",0.318464278694311
"4695",0.0443715948726904
"4696",0.318464278694311
"4697",0.318464278694311
"4698",0.318464278694311
"4699",0.318464278694311
"4700",0.318464278694311
"4701",0.318464278694311
"4702",0.318464278694311
"4703",0.0451275389407295
"4704",0.318464278694311
"4705",0.0443715948726904
"4706",0.318464278694311
"4707",0.318464278694311
"4708",0.318464278694311
"4709",0.318464278694311
"4710",0.318464278694311
"4711",0.318464278694311
"4712",0.318464278694311
"4713",0.318464278694311
"4714",0.0451275389407295
"4715",0.318464278694311
"4716",0.318464278694311
"4717",0.318464278694311
"4718",0.318464278694311
"4719",0.318464278694311
"4720",0.0443715948726904
"4721",0.318464278694311
"4722",0.318464278694311
"4723",0.318464278694311
"4724",0.0451275389407295
"4725",0.318464278694311
"4726",0.318464278694311
"4727",0.318464278694311
"4728",0.318464278694311
"4729",0.318464278694311
"4730",0.0443715948726904
"4731",0.318464278694311
"4732",0.318464278694311
"4733",0.318464278694311
"4734",0.0451275389407295
"4735",0.318464278694311
"4736",0.318464278694311
"4737",0.318464278694311
"4738",0.318464278694311
"4739",0.318464278694311
"4740",0.0443715948726904
"4741",0.318464278694311
"4742",0.318464278694311
"4743",0.318464278694311
"4744",0.0451275389407295
"4745",0.318464278694311
"4746",0.318464278694311
"4747",0.318464278694311
"4748",0.318464278694311
"4749",0.318464278694311
"4750",0.0443715948726904
"4751",0.318464278694311
"4752",0.318464278694311
"4753",0.0451275389407295
"4754",0.318464278694311
"4755",0.0443715948726904
"4756",0.318464278694311
"4757",0.318464278694311
"4758",0.318464278694311
"4759",0.318464278694311
"4760",0.318464278694311
"4761",0.318464278694311
"4762",0.318464278694311
"4763",0.0451275389407295
"4764",0.318464278694311
"4765",0.0443715948726904
"4766",0.318464278694311
"4767",0.318464278694311
"4768",0.318464278694311
"4769",0.318464278694311
"4770",0.318464278694311
"4771",0.318464278694311
"4772",0.318464278694311
"4773",0.318464278694311
"4774",0.0451275389407295
"4775",0.318464278694311
"4776",0.318464278694311
"4777",0.318464278694311
"4778",0.318464278694311
"4779",0.318464278694311
"4780",0.0443715948726904
"4781",0.318464278694311
"4782",0.318464278694311
"4783",0.318464278694311
"4784",0.0451275389407295
"4785",0.318464278694311
"4786",0.318464278694311
"4787",0.318464278694311
"4788",0.318464278694311
"4789",0.318464278694311
"4790",0.0443715948726904
"4791",0.318464278694311
"4792",0.318464278694311
"4793",0.318464278694311
"4794",0.0451275389407295
"4795",0.318464278694311
"4796",0.318464278694311
"4797",0.318464278694311
"4798",0.318464278694311
"4799",0.318464278694311
"4800",0.0443715948726904
"4801",0.318464278694311
"4802",0.318464278694311
"4803",0.318464278694311
"4804",0.0451275389407295
"4805",0.318464278694311
"4806",0.318464278694311
"4807",0.318464278694311
"4808",0.318464278694311
"4809",0.318464278694311
"4810",0.0443715948726904
"4811",0.318464278694311
"4812",0.318464278694311
"4813",0.318464278694311
"4814",0.0451275389407295
"4815",0.318464278694311
"4816",0.318464278694311
"4817",0.318464278694311
"4818",0.318464278694311
"4819",0.318464278694311
"4820",0.0443715948726904
"4821",0.318464278694311
"4822",0.318464278694311
"4823",0.318464278694311
"4824",0.0451275389407295
"4825",0.318464278694311
"4826",0.318464278694311
"4827",0.318464278694311
"4828",0.318464278694311
"4829",0.318464278694311
"4830",0.0443715948726904
"4831",0.318464278694311
"4832",0.318464278694311
"4833",0.0451275389407295
"4834",0.318464278694311
"4835",0.0443715948726904
"4836",0.318464278694311
"4837",0.318464278694311
"4838",0.318464278694311
"4839",0.318464278694311
"4840",0.318464278694311
"4841",0.318464278694311
"4842",0.318464278694311
"4843",0.0451275389407295
"4844",0.318464278694311
"4845",0.0443715948726904
"4846",0.318464278694311
"4847",0.318464278694311
"4848",0.318464278694311
"4849",0.318464278694311
"4850",0.318464278694311
"4851",0.318464278694311
"4852",0.318464278694311
"4853",0.0451275389407295
"4854",0.318464278694311
"4855",0.0443715948726904
"4856",0.318464278694311
"4857",0.318464278694311
"4858",0.318464278694311
"4859",0.318464278694311
"4860",0.318464278694311
"4861",0.318464278694311
"4862",0.318464278694311
"4863",0.318464278694311
"4864",0.0451275389407295
"4865",0.318464278694311
"4866",0.318464278694311
"4867",0.318464278694311
"4868",0.318464278694311
"4869",0.318464278694311
"4870",0.0443715948726904
"4871",0.318464278694311
"4872",0.318464278694311
"4873",0.0451275389407295
"4874",0.318464278694311
"4875",0.0443715948726904
"4876",0.318464278694311
"4877",0.318464278694311
"4878",0.318464278694311
"4879",0.318464278694311
"4880",0.318464278694311
"4881",0.318464278694311
"4882",0.318464278694311
"4883",0.0451275389407295
"4884",0.318464278694311
"4885",0.0443715948726904
"4886",0.318464278694311
"4887",0.318464278694311
"4888",0.318464278694311
"4889",0.318464278694311
"4890",0.318464278694311
"4891",0.318464278694311
"4892",0.318464278694311
"4893",0.318464278694311
"4894",0.0451275389407295
"4895",0.318464278694311
"4896",0.318464278694311
"4897",0.318464278694311
"4898",0.318464278694311
"4899",0.318464278694311
"4900",0.0443715948726904
"4901",0.318464278694311
"4902",0.318464278694311
"4903",0.318464278694311
"4904",0.0451275389407295
"4905",0.318464278694311
"4906",0.318464278694311
"4907",0.318464278694311
"4908",0.318464278694311
"4909",0.318464278694311
"4910",0.0443715948726904
"4911",0.318464278694311
"4912",0.318464278694311
"4913",0.318464278694311
"4914",0.0451275389407295
"4915",0.318464278694311
"4916",0.318464278694311
"4917",0.318464278694311
"4918",0.318464278694311
"4919",0.318464278694311
"4920",0.0443715948726904
"4921",0.318464278694311
"4922",0.318464278694311
"4923",0.0451275389407295
"4924",0.318464278694311
"4925",0.0443715948726904
"4926",0.318464278694311
"4927",0.318464278694311
"4928",0.318464278694311
"4929",0.318464278694311
"4930",0.318464278694311
"4931",0.318464278694311
"4932",0.318464278694311
"4933",0.318464278694311
"4934",0.0451275389407295
"4935",0.318464278694311
"4936",0.318464278694311
"4937",0.318464278694311
"4938",0.318464278694311
"4939",0.318464278694311
"4940",0.0443715948726904
"4941",0.318464278694311
"4942",0.318464278694311
"4943",0.0451275389407295
"4944",0.318464278694311
"4945",0.0443715948726904
"4946",0.318464278694311
"4947",0.318464278694311
"4948",0.318464278694311
"4949",0.318464278694311
"4950",0.318464278694311
"4951",0.318464278694311
"4952",0.318464278694311
"4953",0.0451275389407295
"4954",0.318464278694311
"4955",0.0443715948726904
"4956",0.318464278694311
"4957",0.318464278694311
"4958",0.318464278694311
"4959",0.318464278694311
"4960",0.318464278694311
"4961",0.318464278694311
"4962",0.318464278694311
"4963",0.0451275389407295
"4964",0.318464278694311
"4965",0.0443715948726904
"4966",0.318464278694311
"4967",0.318464278694311
"4968",0.318464278694311
"4969",0.318464278694311
"4970",0.318464278694311
"4971",0.318464278694311
"4972",0.318464278694311
"4973",0.0451275389407295
"4974",0.318464278694311
"4975",0.0443715948726904
"4976",0.318464278694311
"4977",0.318464278694311
"4978",0.318464278694311
"4979",0.318464278694311
"4980",0.318464278694311
"4981",0.318464278694311
"4982",0.318464278694311
"4983",0.0451275389407295
"4984",0.318464278694311
"4985",0.0443715948726904
"4986",0.318464278694311
"4987",0.318464278694311
"4988",0.318464278694311
"4989",0.318464278694311
"4990",0.318464278694311
"4991",0.318464278694311
"4992",0.318464278694311
"4993",0.318464278694311
"4994",0.0451275389407295
"4995",0.318464278694311
"4996",0.318464278694311
"4997",0.318464278694311
"4998",0.318464278694311
"4999",0.318464278694311
"5000",0.0443715948726904
